{"page":"overview_en","page_id":"3076371","share_type":"discussion","created":"2010-12-03T01:54:29-08:00","createdBy":"gezzed","title":"Edited for readability","description":"The reference guide has a lot of detail, so I have edited much of it to make it more readable and hence more useful. My contribution to an excellent effort.","replies":[{"user":"javierpaniza","created":"2010-12-07T02:20:45-08:00","body":"Hi Gezzed,<br \/>\n<br \/>\nthanks a lot.<br \/>\nCuriously, we have native speaker for Spanish, French, Russian and Chinese version of OX doc, but not for the English version. So, your help is very useful.<br \/>\n<br \/>\nThanks again!"}]}