{"page":"index_en","page_id":"3216837","share_type":"discussion","created":"2009-04-08T16:45:09-07:00","createdBy":"ddi2000","title":"Help: Ant Build updateSchema - Build Failed","description":"I am trying to setup the Management example from the chapter 2(My first OX project) in OX3.1.1, when I run &quot;ant updateSchema&quot; I am getting Build Failed error:<br \/>\nE:\\Projects\\OpenXava\\openxava-3.1.1\\workspace\\Management\\build.xml:38: The following error occurred<br \/>\nwhile executing this line:<br \/>\nE:\\Projects\\OpenXava\\openxava-3.1.1\\workspace\\OpenXava\\build.xml:963: Persistence unit not found: 'junit'.<br \/>\n<br \/>\nThis &lt;property name=&quot;persistence.unit&quot; value=&quot;junit&quot;\/&gt; in build.xml is default value set by OX3.1.1. I want to know what's correct value need to be set to or how can I fix it?","replies":[{"user":"ddi2000","created":"2009-04-08T17:04:21-07:00","body":"E:\\Projects\\OpenXava\\openxava-3.1.1\\workspace\\Management&gt;ant updateSchema<br \/>\nBuildfile: build.xml<br \/>\n<br \/>\nupdateSchema:<br \/>\n<br \/>\ndefineHibernateTool:<br \/>\n<br \/>\nupdateSchemaJPA:<br \/>\n[hibernatetool] Executing Hibernate Tool with a JPA Configuration<br \/>\n[hibernatetool] 1. task: hbm2ddl (Generates database schema)<br \/>\n[hibernatetool] Apr 8, 2009 6:02:08 PM org.hibernate.cfg.annotations.Version &lt;clinit&gt;<br \/>\n[hibernatetool] INFO: Hibernate Annotations 3.4.0.GA<br \/>\n[hibernatetool] Apr 8, 2009 6:02:08 PM org.hibernate.cfg.Environment &lt;clinit&gt;<br \/>\n[hibernatetool] INFO: Hibernate 3.3.1.GA<br \/>\n[hibernatetool] Apr 8, 2009 6:02:08 PM org.hibernate.cfg.Environment &lt;clinit&gt;<br \/>\n[hibernatetool] INFO: hibernate.properties not found<br \/>\n[hibernatetool] Apr 8, 2009 6:02:08 PM org.hibernate.cfg.Environment buildBytecodeProvider<br \/>\n[hibernatetool] INFO: Bytecode provider name : javassist<br \/>\n[hibernatetool] Apr 8, 2009 6:02:08 PM org.hibernate.cfg.Environment &lt;clinit&gt;<br \/>\n[hibernatetool] INFO: using JDK 1.4 java.sql.Timestamp handling<br \/>\n[hibernatetool] Apr 8, 2009 6:02:08 PM org.hibernate.annotations.common.Version &lt;clinit&gt;<br \/>\n[hibernatetool] INFO: Hibernate Commons Annotations 3.1.0.GA<br \/>\n[hibernatetool] Apr 8, 2009 6:02:08 PM org.hibernate.ejb.Version &lt;clinit&gt;<br \/>\n[hibernatetool] INFO: Hibernate EntityManager 3.4.0.GA<br \/>\n[hibernatetool] Apr 8, 2009 6:02:08 PM org.hibernate.ejb.Ejb3Configuration configure<br \/>\n[hibernatetool] INFO: Could not find any META-INF\/persistence.xml file in the classpath<br \/>\n[hibernatetool] An exception occurred while running exporter #2:hbm2ddl (Generates database schema)<br \/>\n[hibernatetool] To get the full stack trace run ant with -verbose<br \/>\n[hibernatetool] Persistence unit not found: 'junit'.<br \/>\n<br \/>\nBUILD FAILED<br \/>\nE:\\Projects\\OpenXava\\openxava-3.1.1\\workspace\\Management\\build.xml:38: The following error occurred<br \/>\nwhile executing this line:<br \/>\nE:\\Projects\\OpenXava\\openxava-3.1.1\\workspace\\OpenXava\\build.xml:963: Persistence unit not found: 'j<br \/>\nunit'.<br \/>\n<br \/>\nTotal time: 1 second"},{"user":"ddi2000","created":"2009-04-09T11:28:57-07:00","body":"OK, I figured out the problem. I must imported OpenXava and Management as projects in Eclipse and let the Eclipse build the projects.  Ant updateSchemaJPA relies on the web\/WEB-INF\/classes."},{"user":"warax","created":"2009-10-20T04:53:48-07:00","body":"it's success after build the project"}]}