{"page":"how-to_en","page_id":"3216749","share_type":"discussion","created":"2010-04-16T15:06:14-07:00","createdBy":"ilangocal","title":"How to build a dropdown control and insert the selected value to a database","description":"Is it possible to build a dependent dropdown (3 of them) whose selected values need to be inserted as a 3 row record into a database using OpenXAVA","replies":[{"user":"sunil.khandelwal91","created":"2010-10-28T10:39:50-07:00","body":"Hi,<br \/>\n<br \/>\npls let me know also if u get ny soln..<br \/>\n<br \/>\nthnx in advance"}]}