{"page":"security-jsr250-discarded","page_id":"4914153","share_type":"discussion","created":"2008-07-07T01:13:52-07:00","createdBy":"javierpaniza","title":"Methods ?","description":"The document says<br \/>\n<br \/>\n<em>annotations which are applied to entities, properties and <strong>methods<\/strong><\/em><br \/>\n<br \/>\nWhy methods ?<br \/>\n<br \/>\nMethods can be protected by JavaEE security, but OX has nothing to do with that. has it?","replies":[{"user":"depourtales","created":"2008-07-07T13:35:03-07:00","body":"Static <em>find...()<\/em> methods for example. There is a benefit to protect some such methods in the business entity to control their call from a generic action. The result is a fine access control."},{"user":"javierpaniza","created":"2008-07-08T08:28:57-07:00","body":"<em>There is a benefit to protect some such methods in the business entity to control their call from a generic action.<\/em><br \/>\nOK. We can add method security.<br \/>\n<br \/>\nWhat about implementation ?<br \/>\nUsing AOP ?<br \/>\nMaybe an EJB3 container ?<br \/>\nor ..."}]}