{"page":"index_en","page_id":"3216837","share_type":"discussion","created":"2010-04-12T06:59:52-07:00","createdBy":"Lazared","title":"UpdateSchema failed","description":"Hi , I'm new, very new! <br \/>\nI have runned the book tutorial and when I run Ant task UpdateSchema it failed, see below . PLease help.<br \/>\n E:\\Dev\\openxava-4m3\\workspace\\Invoicing\\build.xml<br \/>\nupdateSchema:<br \/>\ndefineHibernateTool:<br \/>\nupdateSchemaJPA:<br \/>\n[hibernatetool] Executing Hibernate Tool with a JPA Configuration<br \/>\n[hibernatetool] 1. task: hbm2ddl (Generates database schema)<br \/>\n[hibernatetool] 12-Apr-2010 14:50:07 org.hibernate.cfg.annotations.Version &lt;clinit&gt;<br \/>\n[hibernatetool] INFO: Hibernate Annotations 3.4.0.GA<br \/>\n[hibernatetool] 12-Apr-2010 14:50:07 org.hibernate.cfg.Environment &lt;clinit&gt;<br \/>\n[hibernatetool] INFO: Hibernate 3.3.1.GA<br \/>\n[hibernatetool] 12-Apr-2010 14:50:07 org.hibernate.cfg.Environment &lt;clinit&gt;<br \/>\n[hibernatetool] INFO: hibernate.properties not found<br \/>\n[hibernatetool] 12-Apr-2010 14:50:07 org.hibernate.cfg.Environment buildBytecodeProvider<br \/>\n[hibernatetool] INFO: Bytecode provider name : javassist<br \/>\n[hibernatetool] 12-Apr-2010 14:50:07 org.hibernate.cfg.Environment &lt;clinit&gt;<br \/>\n[hibernatetool] INFO: using JDK 1.4 java.sql.Timestamp handling<br \/>\n[hibernatetool] 12-Apr-2010 14:50:08 org.hibernate.annotations.common.Version &lt;clinit&gt;<br \/>\n[hibernatetool] INFO: Hibernate Commons Annotations 3.1.0.GA<br \/>\n[hibernatetool] 12-Apr-2010 14:50:08 org.hibernate.ejb.Version &lt;clinit&gt;<br \/>\n[hibernatetool] INFO: Hibernate EntityManager 3.4.0.GA<br \/>\n[hibernatetool] 12-Apr-2010 14:50:08 org.hibernate.ejb.packaging.PersistenceXmlLoader$ErrorLogger fatalError<br \/>\n[hibernatetool] SEVERE: Error parsing XML: XML InputStream(13) The markup in the document following the root element must be well-formed.<br \/>\n[hibernatetool] An exception occurred while running exporter #2:hbm2ddl (Generates database schema)<br \/>\n[hibernatetool] To get the full stack trace run ant with -verbose<br \/>\n[hibernatetool] Problems in creating a configuration for JPA. Have you remembered to add hibernate EntityManager jars to the classpath ?<br \/>\n[hibernatetool] java.lang.reflect.InvocationTargetException<br \/>\n[hibernatetool] javax.persistence.PersistenceException: Unable to configure EntityManagerFactory<br \/>\n[hibernatetool] org.xml.sax.SAXParseException: The markup in the document following the root element must be well-formed.<br \/>\n<br \/>\nBUILD FAILED<br \/>\nE:\\Dev\\openxava-4m3\\workspace\\Invoicing\\build.xml:38: The following error occurred while executing this line:<br \/>\nE:\\Dev\\openxava-4m3\\workspace\\OpenXava\\build.xml:878: Problems in creating a configuration for JPA. Have you remembered to add hibernate EntityManager jars to the classpath ?<br \/>\n<br \/>\nTotal time: 625 milliseconds","replies":[{"user":"javierpaniza","created":"2010-04-13T05:01:22-07:00","body":"Please, put your question in the OpenXava Help forum:<br \/>\n<!-- ws:start:WikiTextUrlRule:3:https:\/\/sourceforge.net\/projects\/openxava\/forums\/forum\/419690 --><a class=\"wiki_link_ext\" href=\"https:\/\/sourceforge.net\/projects\/openxava\/forums\/forum\/419690\" rel=\"nofollow\">https:\/\/sourceforge.net\/projects\/openxava\/forums\/forum\/419690<\/a><!-- ws:end:WikiTextUrlRule:3 --><br \/>\n<br \/>\nThanks"},{"user":"ravilan","created":"2010-05-27T14:48:49-07:00","body":"I have the same trouble, how did you solve it?<br \/>\n<br \/>\nBuildfile: C:\\openxava-4m4\\workspace\\Invoicing\\build.xml<br \/>\nupdateSchema:<br \/>\ndefineHibernateTool:<br \/>\nupdateSchemaJPA:<br \/>\n[hibernatetool] Executing Hibernate Tool with a JPA Configuration<br \/>\n[hibernatetool] 1. task: hbm2ddl (Generates database schema)<br \/>\n[hibernatetool] 27\/05\/2010 04:38:02 PM org.hibernate.cfg.annotations.Version &lt;clinit&gt;<br \/>\n[hibernatetool] INFO: Hibernate Annotations 3.4.0.GA<br \/>\n[hibernatetool] 27\/05\/2010 04:38:02 PM org.hibernate.cfg.Environment &lt;clinit&gt;<br \/>\n[hibernatetool] INFO: Hibernate 3.3.1.GA<br \/>\n[hibernatetool] 27\/05\/2010 04:38:02 PM org.hibernate.cfg.Environment &lt;clinit&gt;<br \/>\n[hibernatetool] INFO: hibernate.properties not found<br \/>\n[hibernatetool] 27\/05\/2010 04:38:02 PM org.hibernate.cfg.Environment buildBytecodeProvider<br \/>\n[hibernatetool] INFO: Bytecode provider name : javassist<br \/>\n[hibernatetool] 27\/05\/2010 04:38:02 PM org.hibernate.cfg.Environment &lt;clinit&gt;<br \/>\n[hibernatetool] INFO: using JDK 1.4 java.sql.Timestamp handling<br \/>\n[hibernatetool] 27\/05\/2010 04:38:02 PM org.hibernate.annotations.common.Version &lt;clinit&gt;<br \/>\n[hibernatetool] INFO: Hibernate Commons Annotations 3.1.0.GA<br \/>\n[hibernatetool] 27\/05\/2010 04:38:02 PM org.hibernate.ejb.Version &lt;clinit&gt;<br \/>\n[hibernatetool] INFO: Hibernate EntityManager 3.4.0.GA<br \/>\n[hibernatetool] 27\/05\/2010 04:38:02 PM org.hibernate.ejb.packaging.PersistenceXmlLoader$ErrorLogger fatalError<br \/>\n[hibernatetool] GRAVE: Error parsing XML: XML InputStream(6) Element type &quot;property&quot; must be followed by either attribute specifications, &quot;&gt;&quot; or &quot;\/&gt;&quot;.<br \/>\n[hibernatetool] An exception occurred while running exporter #2:hbm2ddl (Generates database schema)<br \/>\n[hibernatetool] To get the full stack trace run ant with -verbose<br \/>\n[hibernatetool] Problems in creating a configuration for JPA. Have you remembered to add hibernate EntityManager jars to the classpath ?<br \/>\n[hibernatetool] java.lang.reflect.InvocationTargetException<br \/>\n[hibernatetool] javax.persistence.PersistenceException: Unable to configure EntityManagerFactory<br \/>\n[hibernatetool] org.xml.sax.SAXParseException: Element type &quot;property&quot; must be followed by either attribute specifications, &quot;&gt;&quot; or &quot;\/&gt;&quot;.<br \/>\n<br \/>\nBUILD FAILED<br \/>\nC:\\openxava-4m4\\workspace\\Invoicing\\build.xml:48: The following error occurred while executing this line:<br \/>\nC:\\openxava-4m4\\workspace\\OpenXava\\build.xml:878: Problems in creating a configuration for JPA. Have you remembered to add hibernate EntityManager jars to the classpath ?<br \/>\n<br \/>\nTotal time: 511 milliseconds"}]}